variant,profile,sessionMinutes,baitId,samples,reached,reachedFraction,p10,p50,p90,sessionAtPurchaseP50,walletAfterLandP50,reserveActiveMinutesP50,firstSessionNetP50,finalCoinsP50
current-no-codes,fast,15,,32,32,1,12.32,13.58,14.46,1,93,13.95,2064,17240
current-no-codes,fast,15,bait_worm,32,32,1,14.96,15.87,17.11,2,113,15.87,1666,14412
current-no-codes,fast,15,bait_lure,32,32,1,26.89,30.3,35.28,3,65,30.3,761,7009
current-no-codes,fast,15,fish_chum,32,32,1,60.19,87.71,90.24,6,55,87.71,320,2665
current-no-codes,fast,30,,32,32,1,12.32,13.58,14.46,1,93,13.95,4013,33562
current-no-codes,fast,30,bait_worm,32,32,1,14.96,15.76,17.11,1,117,15.98,3305,27759
current-no-codes,fast,30,bait_lure,32,32,1,26.88,35.15,41.17,2,53,35.15,1489,13395
current-no-codes,fast,30,fish_chum,32,32,1,82.55,105.38,120,4,48,108.11,493,4556
current-no-codes,fast,60,,32,32,1,12.32,13.58,14.46,1,93,13.95,8122,66102
current-no-codes,fast,60,bait_worm,32,32,1,14.96,15.76,17.11,1,117,15.98,6660,54601
current-no-codes,fast,60,bait_lure,32,32,1,26.88,32.94,39.61,1,71,32.94,3145,26026
current-no-codes,fast,60,fish_chum,32,32,1,92.04,120,128.23,3,42,120,787,7540
current-no-codes,regular,15,,32,32,1,25.07,28.23,29.57,2,111,28.51,955,9062
current-no-codes,regular,15,bait_worm,32,32,1,30,32.6,33.52,3,124,32.77,682,7051
current-no-codes,regular,15,bait_lure,32,31,0.96875,60.51,90,97.98,7,47,90,195,2625
current-no-codes,regular,15,fish_chum,32,0,0,,,,,,,108,1150
current-no-codes,regular,30,,32,32,1,25.24,28.26,29.51,1,140,28.64,1972,17096
current-no-codes,regular,30,bait_worm,32,32,1,32.95,36.39,39.47,2,82,36.52,1512,13190
current-no-codes,regular,30,bait_lure,32,32,1,80.91,111.69,123.68,4,44,113.22,408,4157
current-no-codes,regular,30,fish_chum,32,0,0,,,,,,,129,1137
current-no-codes,regular,60,,32,32,1,25.24,28.26,29.51,1,119,28.64,3940,33281
current-no-codes,regular,60,bait_worm,32,32,1,32.93,36.39,39.48,1,75,36.54,2911,25169
current-no-codes,regular,60,bait_lure,32,32,1,89.19,120,150,3,41,120,790,7725
current-no-codes,regular,60,fish_chum,32,4,0.125,398.01,402.78,435,7,31,408.72,118,1163
current-no-codes,relaxed,15,,32,32,1,39.21,43.09,47.78,3,103,43.59,442,5463
current-no-codes,relaxed,15,bait_worm,32,32,1,57.71,60,62.22,5,115,60,335,3880
current-no-codes,relaxed,15,bait_lure,32,0,0,,,,,,,75,822
current-no-codes,relaxed,15,fish_chum,32,0,0,,,,,,,9,613
current-no-codes,relaxed,30,,32,32,1,46.83,49.92,53.87,2,142,50.56,1134,9920
current-no-codes,relaxed,30,bait_worm,32,32,1,60,63.3,74.42,3,75,63.3,676,6706
current-no-codes,relaxed,30,bait_lure,32,0,0,,,,,,,69,812
current-no-codes,relaxed,30,fish_chum,32,0,0,,,,,,,10,181
current-no-codes,relaxed,60,,32,32,1,47.12,50.03,54.05,1,168,50.56,2201,18759
current-no-codes,relaxed,60,bait_worm,32,32,1,68.31,74.22,84.91,2,64,74.46,1432,12214
current-no-codes,relaxed,60,bait_lure,32,2,0.0625,408.36,408.36,408.36,7,11,408.36,44,620
current-no-codes,relaxed,60,fish_chum,32,0,0,,,,,,,-19,190
current-all-codes,fast,15,,32,32,1,0,0,0,1,180,0,3864,19040
current-all-codes,fast,15,bait_worm,32,32,1,0,0,0,1,180,0,3466,16212
current-all-codes,fast,15,bait_lure,32,32,1,0,0,0,1,180,0,2561,8809
current-all-codes,fast,15,fish_chum,32,32,1,0,0,0,1,180,0,2120,4465
current-all-codes,fast,30,,32,32,1,0,0,0,1,180,0,5813,35362
current-all-codes,fast,30,bait_worm,32,32,1,0,0,0,1,180,0,5105,29559
current-all-codes,fast,30,bait_lure,32,32,1,0,0,0,1,180,0,3289,15195
current-all-codes,fast,30,fish_chum,32,32,1,0,0,0,1,180,0,2293,6356
current-all-codes,fast,60,,32,32,1,0,0,0,1,180,0,9922,67902
current-all-codes,fast,60,bait_worm,32,32,1,0,0,0,1,180,0,8460,56401
current-all-codes,fast,60,bait_lure,32,32,1,0,0,0,1,180,0,4945,27826
current-all-codes,fast,60,fish_chum,32,32,1,0,0,0,1,180,0,2587,9340
current-all-codes,regular,15,,32,32,1,0,0,0,1,180,0,2755,10862
current-all-codes,regular,15,bait_worm,32,32,1,0,0,0,1,180,0,2482,8851
current-all-codes,regular,15,bait_lure,32,32,1,0,0,0,1,180,0,1986,4320
current-all-codes,regular,15,fish_chum,32,32,1,0,0,0,1,180,0,1908,2950
current-all-codes,regular,30,,32,32,1,0,0,0,1,180,0,3772,18896
current-all-codes,regular,30,bait_worm,32,32,1,0,0,0,1,180,0,3312,14990
current-all-codes,regular,30,bait_lure,32,32,1,0,0,0,1,180,0,2183,5923
current-all-codes,regular,30,fish_chum,32,32,1,0,0,0,1,180,0,1921,2917
current-all-codes,regular,60,,32,32,1,0,0,0,1,180,0,5740,35081
current-all-codes,regular,60,bait_worm,32,32,1,0,0,0,1,180,0,4711,26969
current-all-codes,regular,60,bait_lure,32,32,1,0,0,0,1,180,0,2590,9464
current-all-codes,regular,60,fish_chum,32,32,1,0,0,0,1,180,0,1904,2870
current-all-codes,relaxed,15,,32,32,1,0,0,0,1,180,0,2242,7263
current-all-codes,relaxed,15,bait_worm,32,32,1,0,0,0,1,180,0,2135,5680
current-all-codes,relaxed,15,bait_lure,32,32,1,0,0,0,1,180,0,1848,2538
current-all-codes,relaxed,15,fish_chum,32,32,1,0,0,0,1,180,0,1777,2298
current-all-codes,relaxed,30,,32,32,1,0,0,0,1,180,0,2934,11720
current-all-codes,relaxed,30,bait_worm,32,32,1,0,0,0,1,180,0,2476,8506
current-all-codes,relaxed,30,bait_lure,32,32,1,0,0,0,1,180,0,1832,2436
current-all-codes,relaxed,30,fish_chum,32,32,1,0,0,0,1,180,0,1772,1608
current-all-codes,relaxed,60,,32,32,1,0,0,0,1,180,0,4001,20559
current-all-codes,relaxed,60,bait_worm,32,32,1,0,0,0,1,180,0,3232,14014
current-all-codes,relaxed,60,bait_lure,32,32,1,0,0,0,1,180,0,1746,1863
current-all-codes,relaxed,60,fish_chum,32,32,1,0,0,0,1,180,0,1618,243
trial-no-codes,fast,15,,32,32,1,41.55,42.61,44.18,3,102,42.87,1964,16660
trial-no-codes,fast,15,bait_worm,32,32,1,49.33,51.81,53.72,4,85,51.81,1566,13832
trial-no-codes,fast,15,bait_lure,32,29,0.90625,94.83,104.96,114.28,7,37,105.68,740,6649
trial-no-codes,fast,15,fish_chum,32,0,0,,,,,,,261,2150
trial-no-codes,fast,30,,32,32,1,42.29,44.21,45.19,2,121,44.22,3913,32982
trial-no-codes,fast,30,bait_worm,32,32,1,50.91,52.54,54.39,2,116,52.54,3205,27179
trial-no-codes,fast,30,bait_lure,32,32,1,98.99,108.94,120.27,4,70,109.85,1546,13002
trial-no-codes,fast,30,fish_chum,32,0,0,,,,,,,512,3988
trial-no-codes,fast,60,,32,32,1,42.31,44.08,45.12,1,102,44.2,8022,65522
trial-no-codes,fast,60,bait_worm,32,32,1,49.47,52.62,54.42,1,128,52.75,6560,54021
trial-no-codes,fast,60,bait_lure,32,32,1,99.55,110.57,121.7,2,45,111.83,3059,25445
trial-no-codes,fast,60,fish_chum,32,28,0.875,332.35,384.54,456.62,7,33,388.6,825,7027
trial-no-codes,regular,15,,32,32,1,81.07,85.39,89.3,6,138,85.42,855,8482
trial-no-codes,regular,15,bait_worm,32,31,0.96875,103.78,108.58,114.75,8,92,108.29,582,6471
trial-no-codes,regular,15,bait_lure,32,0,0,,,,,,,301,2138
trial-no-codes,regular,15,fish_chum,32,0,0,,,,,,,144,656
trial-no-codes,regular,30,,32,32,1,84.01,87.51,89.9,3,155,87.73,1872,16516
trial-no-codes,regular,30,bait_worm,32,32,1,106.11,114.79,120,4,95,114.79,1412,12610
trial-no-codes,regular,30,bait_lure,32,0,0,,,,,,,465,3733
trial-no-codes,regular,30,fish_chum,32,0,0,,,,,,,126,692
trial-no-codes,regular,60,,32,32,1,84.44,87.98,92.77,2,68,88.26,3840,32701
trial-no-codes,regular,60,bait_worm,32,32,1,109.51,116.39,121.43,2,83,116.39,2811,24589
trial-no-codes,regular,60,bait_lure,32,29,0.90625,333.86,376.32,424.3,7,36,377.77,855,7240
trial-no-codes,regular,60,fish_chum,32,0,0,,,,,,,114,748
trial-no-codes,relaxed,15,,32,0,0,,,,,,,342,4883
trial-no-codes,relaxed,15,bait_worm,32,0,0,,,,,,,235,3300
trial-no-codes,relaxed,15,bait_lure,32,0,0,,,,,,,148,455
trial-no-codes,relaxed,15,fish_chum,32,0,0,,,,,,,53,243
trial-no-codes,relaxed,30,,32,32,1,146.13,155.41,162.31,6,131,155.41,1034,9340
trial-no-codes,relaxed,30,bait_worm,32,26,0.8125,211.1,232.2,237.85,8,54,232.2,576,6126
trial-no-codes,relaxed,30,bait_lure,32,0,0,,,,,,,105,507
trial-no-codes,relaxed,30,fish_chum,32,0,0,,,,,,,45,101
trial-no-codes,relaxed,60,,32,32,1,149.21,156.5,163.21,3,111,157.59,2101,18179
trial-no-codes,relaxed,60,bait_worm,32,32,1,227.94,242.94,249.69,5,51,242.97,1332,11634
trial-no-codes,relaxed,60,bait_lure,32,0,0,,,,,,,60,383
trial-no-codes,relaxed,60,fish_chum,32,0,0,,,,,,,-22,164
trial-future-codes,fast,15,,32,32,1,39.77,40.7,41.82,3,118,40.81,2264,16960
trial-future-codes,fast,15,bait_worm,32,32,1,47.44,49.09,50.78,4,116,49.18,1866,14132
trial-future-codes,fast,15,bait_lure,32,30,0.9375,90.3,101.34,112.23,7,54,101.34,961,6729
trial-future-codes,fast,15,fish_chum,32,0,0,,,,,,,520,2385
trial-future-codes,fast,30,,32,32,1,39.77,41.82,42.88,2,127,42.15,4213,33282
trial-future-codes,fast,30,bait_worm,32,32,1,47.6,49.97,51.78,2,76,50.27,3505,27479
trial-future-codes,fast,30,bait_lure,32,32,1,97.19,106.25,116.75,4,57,106.25,1689,13115
trial-future-codes,fast,30,fish_chum,32,0,0,,,,,,,693,4276
trial-future-codes,fast,60,,32,32,1,40.16,41.82,42.88,1,125,42.19,8322,65822
trial-future-codes,fast,60,bait_worm,32,32,1,47.67,49.74,51.48,1,84,49.77,6860,54321
trial-future-codes,fast,60,bait_lure,32,32,1,97.46,107.63,120.26,2,65,107.63,3345,25746
trial-future-codes,fast,60,fish_chum,32,30,0.9375,321.38,375.91,457.92,7,14,377.49,987,7260
trial-future-codes,regular,15,,32,32,1,76.98,81.2,85.23,6,120,81.2,1155,8782
trial-future-codes,regular,15,bait_worm,32,32,1,98.42,101.74,108.06,7,69,104.02,882,6771
trial-future-codes,regular,15,bait_lure,32,0,0,,,,,,,386,2240
trial-future-codes,regular,15,fish_chum,32,0,0,,,,,,,308,870
trial-future-codes,regular,30,,32,32,1,80,83.21,86.26,3,135,83.21,2172,16816
trial-future-codes,regular,30,bait_worm,32,32,1,103.97,107.72,114.42,4,78,108.22,1712,12910
trial-future-codes,regular,30,bait_lure,32,0,0,,,,,,,583,3843
trial-future-codes,regular,30,fish_chum,32,0,0,,,,,,,321,837
trial-future-codes,regular,60,,32,32,1,80.71,84.36,88.53,2,122,84.36,4140,33001
trial-future-codes,regular,60,bait_worm,32,32,1,104.78,111.27,117.56,2,94,111.27,3111,24889
trial-future-codes,regular,60,bait_lure,32,30,0.9375,313.6,368.74,417.55,7,29,371.69,990,7384
trial-future-codes,regular,60,fish_chum,32,0,0,,,,,,,304,880
trial-future-codes,relaxed,15,,32,0,0,,,,,,,642,5183
trial-future-codes,relaxed,15,bait_worm,32,0,0,,,,,,,535,3600
trial-future-codes,relaxed,15,bait_lure,32,0,0,,,,,,,248,473
trial-future-codes,relaxed,15,fish_chum,32,0,0,,,,,,,177,275
trial-future-codes,relaxed,30,,32,32,1,139.12,146.6,152.55,5,121,147.25,1334,9640
trial-future-codes,relaxed,30,bait_worm,32,29,0.90625,200.18,221.21,227.44,8,95,221.21,876,6426
trial-future-codes,relaxed,30,bait_lure,32,0,0,,,,,,,232,529
trial-future-codes,relaxed,30,fish_chum,32,0,0,,,,,,,172,125
trial-future-codes,relaxed,60,,32,32,1,142.59,149.76,157.26,3,91,149.76,2401,18479
trial-future-codes,relaxed,60,bait_worm,32,32,1,211.46,232.64,240,4,52,232.84,1632,11934
trial-future-codes,relaxed,60,bait_lure,32,0,0,,,,,,,159,339
trial-future-codes,relaxed,60,fish_chum,32,0,0,,,,,,,40,156
trial-existing-codes,regular,15,,32,32,1,58.74,60,61.6,5,119,60,2655,10282
trial-existing-codes,regular,30,,32,32,1,59.27,61.23,63.26,3,118,61.67,3672,18316
trial-existing-codes,regular,60,,32,32,1,59.27,62.52,66.28,2,148,62.69,5640,34501
