policy,tiles,cropId,sessionMinutes,actionMs,productiveTiles,finalCashDelta,finalEquityDelta
current,4,wheat,15,2500,2,-26772,-26772
premium10,4,wheat,15,2500,2,-13524,-13524
premium20,4,wheat,15,2500,2,-11868,-11868
premium30,4,wheat,15,2500,2,-10212,-10212
current,4,wheat,15,5000,2,-21756,-21756
premium10,4,wheat,15,5000,2,-11196,-11196
premium20,4,wheat,15,5000,2,-9876,-9876
premium30,4,wheat,15,5000,2,-8556,-8556
current,4,wheat,30,2500,2,-48276,-48276
premium10,4,wheat,30,2500,2,-24276,-24276
premium20,4,wheat,30,2500,2,-21276,-21276
premium30,4,wheat,30,2500,2,-18276,-18276
current,4,wheat,30,5000,2,-43260,-43260
premium10,4,wheat,30,5000,2,-21948,-21948
premium20,4,wheat,30,5000,2,-19284,-19284
premium30,4,wheat,30,5000,2,-16620,-16620
current,4,wheat,60,2500,2,-96660,-96660
premium10,4,wheat,60,2500,2,-48468,-48468
premium20,4,wheat,60,2500,2,-42444,-42444
premium30,4,wheat,60,2500,2,-36420,-36420
current,4,wheat,60,5000,2,-86268,-86268
premium10,4,wheat,60,5000,2,-43452,-43452
premium20,4,wheat,60,5000,2,-38100,-38100
premium30,4,wheat,60,5000,2,-32748,-32748
current,4,strawberry,15,2500,2,-43680,-43680
premium10,4,strawberry,15,2500,2,-21108,-21108
premium20,4,strawberry,15,2500,2,-18516,-18516
premium30,4,strawberry,15,2500,2,-15924,-15924
current,4,strawberry,15,5000,2,-43680,-43680
premium10,4,strawberry,15,5000,2,-21108,-21108
premium20,4,strawberry,15,5000,2,-18516,-18516
premium30,4,strawberry,15,5000,2,-15924,-15924
current,4,strawberry,30,2500,2,-66220,-66220
premium10,4,strawberry,30,2500,2,-31944,-31944
premium20,4,strawberry,30,2500,2,-28008,-28008
premium30,4,strawberry,30,2500,2,-24072,-24072
current,4,strawberry,30,5000,2,-66220,-66220
premium10,4,strawberry,30,5000,2,-31944,-31944
premium20,4,strawberry,30,5000,2,-28008,-28008
premium30,4,strawberry,30,5000,2,-24072,-24072
current,4,strawberry,60,2500,2,-133840,-133840
premium10,4,strawberry,60,2500,2,-64452,-64452
premium20,4,strawberry,60,2500,2,-56484,-56484
premium30,4,strawberry,60,2500,2,-48516,-48516
current,4,strawberry,60,5000,2,-133840,-133840
premium10,4,strawberry,60,5000,2,-64452,-64452
premium20,4,strawberry,60,5000,2,-56484,-56484
premium30,4,strawberry,60,5000,2,-48516,-48516
current,8,wheat,15,2500,6,-42120,-42120
premium10,8,wheat,15,2500,6,-10440,-10440
premium20,8,wheat,15,2500,6,-6480,-6480
premium30,8,wheat,15,2500,6,-2520,-2520
current,8,wheat,15,5000,6,-39528,-39528
premium10,8,wheat,15,5000,6,-15912,-15912
premium20,8,wheat,15,5000,6,-12960,-12960
premium30,8,wheat,15,5000,6,-10008,-10008
current,8,wheat,30,2500,6,-86268,-86040
premium10,8,wheat,30,2500,6,-30396,-29880
premium20,8,wheat,30,2500,6,-23412,-22860
premium30,8,wheat,30,2500,6,-16428,-15840
current,8,wheat,30,5000,6,-73014,-72924
premium10,8,wheat,30,5000,6,-28902,-28572
premium20,8,wheat,30,5000,6,-23388,-23028
premium30,8,wheat,30,5000,6,-17874,-17484
current,8,wheat,60,2500,6,-172668,-172668
premium10,8,wheat,60,2500,6,-60348,-60348
premium20,8,wheat,60,2500,6,-46308,-46308
premium30,8,wheat,60,2500,6,-32268,-32268
current,8,wheat,60,5000,6,-146724,-146724
premium10,8,wheat,60,5000,6,-58596,-58596
premium20,8,wheat,60,5000,6,-47580,-47580
premium30,8,wheat,60,5000,6,-36564,-36564
current,8,strawberry,15,2500,6,-83640,-83640
premium10,8,strawberry,15,2500,6,-15924,-15924
premium20,8,strawberry,15,2500,6,-8148,-8148
premium30,8,strawberry,15,2500,6,-372,-372
current,8,strawberry,15,5000,6,-85765,-85710
premium10,8,strawberry,15,5000,6,-33306,-33042
premium20,8,strawberry,15,5000,6,-27282,-26994
premium30,8,strawberry,15,5000,6,-21258,-20946
current,8,strawberry,30,2500,6,-126900,-126900
premium10,8,strawberry,30,2500,6,-24072,-24072
premium20,8,strawberry,30,2500,6,-12264,-12264
premium30,8,strawberry,30,2500,6,-456,-456
current,8,strawberry,30,5000,6,-126900,-126900
premium10,8,strawberry,30,5000,6,-24072,-24072
premium20,8,strawberry,30,5000,6,-12264,-12264
premium30,8,strawberry,30,5000,6,-456,-456
current,8,strawberry,60,2500,6,-256680,-256680
premium10,8,strawberry,60,2500,6,-48516,-48516
premium20,8,strawberry,60,2500,6,-24612,-24612
premium30,8,strawberry,60,2500,6,-708,-708
current,8,strawberry,60,5000,6,-262140,-262140
premium10,8,strawberry,60,5000,6,-89088,-89088
premium20,8,strawberry,60,5000,6,-69216,-69216
premium30,8,strawberry,60,5000,6,-49344,-49344
current,12,wheat,15,2500,10,-61716,-61716
premium10,12,wheat,15,2500,10,-22356,-22356
premium20,12,wheat,15,2500,10,-17436,-17436
premium30,12,wheat,15,2500,10,-12516,-12516
current,12,wheat,15,5000,10,-47316,-47316
premium10,12,wheat,15,5000,10,-19476,-19476
premium20,12,wheat,15,5000,10,-15996,-15996
premium30,12,wheat,15,5000,10,-12516,-12516
current,12,wheat,30,2500,10,-124212,-124212
premium10,12,wheat,30,2500,10,-44532,-44532
premium20,12,wheat,30,2500,10,-34572,-34572
premium30,12,wheat,30,2500,10,-24612,-24612
current,12,wheat,30,5000,10,-94266,-94212
premium10,12,wheat,30,5000,10,-38442,-38244
premium20,12,wheat,30,5000,10,-31464,-31248
premium30,12,wheat,30,5000,10,-24486,-24252
current,12,wheat,60,2500,10,-231060,-231060
premium10,12,wheat,60,2500,10,-70740,-70740
premium20,12,wheat,60,2500,10,-50700,-50700
premium30,12,wheat,60,2500,10,-30660,-30660
current,12,wheat,60,5000,10,-188628,-188628
premium10,12,wheat,60,5000,10,-76692,-76692
premium20,12,wheat,60,5000,10,-62700,-62700
premium30,12,wheat,60,5000,10,-48708,-48708
current,12,strawberry,15,2500,10,-123990,-123990
premium10,12,strawberry,15,2500,10,-13638,-13638
premium20,12,strawberry,15,2500,10,-966,-966
premium30,12,strawberry,15,2500,10,11706,11706
current,12,strawberry,15,5000,10,-123690,-123690
premium10,12,strawberry,15,5000,10,-58482,-58482
premium20,12,strawberry,15,5000,10,-50994,-50994
premium30,12,strawberry,15,5000,10,-43506,-43506
current,12,strawberry,30,2500,10,-187580,-187580
premium10,12,strawberry,30,2500,10,-16200,-16200
premium20,12,strawberry,30,2500,10,3480,3480
premium30,12,strawberry,30,2500,10,23160,23160
current,12,strawberry,30,5000,10,-193705,-193705
premium10,12,strawberry,30,5000,10,-62871,-62871
premium20,12,strawberry,30,5000,10,-47847,-47847
premium30,12,strawberry,30,5000,10,-32823,-32823
current,12,strawberry,60,2500,10,-388620,-388620
premium10,12,strawberry,60,2500,10,-100200,-100200
premium20,12,strawberry,60,2500,10,-67080,-67080
premium30,12,strawberry,60,2500,10,-33960,-33960
current,12,strawberry,60,5000,10,-322160,-321390
premium10,12,strawberry,60,5000,10,-61746,-58050
premium20,12,strawberry,60,5000,10,-31842,-27810
premium30,12,strawberry,60,5000,10,-1938,2430
current,24,wheat,15,2500,22,-94692,-94536
premium10,24,wheat,15,2500,22,-37668,-37416
premium20,24,wheat,15,2500,22,-30540,-30276
premium30,24,wheat,15,2500,22,-23412,-23136
current,24,wheat,15,5000,22,-61572,-61164
premium10,24,wheat,15,5000,22,-27972,-26796
premium20,24,wheat,15,5000,22,-23772,-22500
premium30,24,wheat,15,5000,22,-19572,-18204
current,24,wheat,30,2500,22,-188292,-188292
premium10,24,wheat,30,2500,22,-72132,-72132
premium20,24,wheat,30,2500,22,-57612,-57612
premium30,24,wheat,30,2500,22,-43092,-43092
current,24,wheat,30,5000,22,-119436,-119250
premium10,24,wheat,30,5000,22,-51276,-50754
premium20,24,wheat,30,5000,22,-42756,-42192
premium30,24,wheat,30,5000,22,-34236,-33630
current,24,wheat,60,2500,22,-375492,-375492
premium10,24,wheat,60,2500,22,-141060,-141060
premium20,24,wheat,60,2500,22,-111756,-111756
premium30,24,wheat,60,2500,22,-82452,-82452
current,24,wheat,60,5000,22,-237900,-237900
premium10,24,wheat,60,5000,22,-100044,-100044
premium20,24,wheat,60,5000,22,-82812,-82812
premium30,24,wheat,60,5000,22,-65580,-65580
current,24,strawberry,15,2500,22,-248590,-248535
premium10,24,strawberry,15,2500,22,-114621,-114357
premium20,24,strawberry,15,2500,22,-99237,-98949
premium30,24,strawberry,15,2500,22,-83853,-83541
current,24,strawberry,15,5000,22,-145710,-145710
premium10,24,strawberry,15,5000,22,-29088,-29088
premium20,24,strawberry,15,5000,22,-15696,-15696
premium30,24,strawberry,15,5000,22,-2304,-2304
current,24,strawberry,30,2500,22,-384710,-384270
premium10,24,strawberry,30,2500,22,-115518,-113406
premium20,24,strawberry,30,2500,22,-84606,-82302
premium30,24,strawberry,30,2500,22,-53694,-51198
current,24,strawberry,30,5000,22,-295205,-295205
premium10,24,strawberry,30,5000,22,-81189,-81189
premium20,24,strawberry,30,5000,22,-56613,-56613
premium30,24,strawberry,30,5000,22,-32037,-32037
current,24,strawberry,60,2500,22,-642745,-642745
premium10,24,strawberry,60,2500,22,-100599,-100599
premium20,24,strawberry,60,2500,22,-38343,-38343
premium30,24,strawberry,60,2500,22,23913,23913
current,24,strawberry,60,5000,22,-596765,-596710
premium10,24,strawberry,60,5000,22,-190260,-189996
premium20,24,strawberry,60,5000,22,-143580,-143292
premium30,24,strawberry,60,5000,22,-96900,-96588
