sessionMinutes,initialCoins,strategy,occupiedTiles,tiles,coins,seedlessSessions,to8,to12,to18,to24
15,0,reserve,0,4,0,56,,,,
15,0,greedy,0,4,0,56,,,,
15,20,reserve,0,24,910798,0,11.041666666666666,24.833333333333332,39.333333333333336,70.58333333333333
15,20,greedy,0,24,910798,0,10.791666666666666,25.083333333333332,39.333333333333336,70.58333333333333
15,250,reserve,0,24,899505,0,9.791666666666666,23.125,39.333333333333336,76.16666666666667
15,250,greedy,0,24,894822,0,8.125,24.541666666666668,45.916666666666664,76.16666666666667
30,0,reserve,0,4,0,56,,,,
30,0,greedy,0,4,0,56,,,,
30,20,reserve,0,24,1893709,0,11.041666666666666,24.458333333333332,39.333333333333336,78.33333333333333
30,20,greedy,0,24,1899772,0,10.791666666666666,25.666666666666668,39.333333333333336,70.58333333333333
30,250,reserve,0,24,1893853,0,9.791666666666666,23.208333333333332,39.333333333333336,78.33333333333333
30,250,greedy,0,12,7,0,8.125,24.25,,
60,0,reserve,0,4,0,56,,,,
60,0,greedy,0,4,0,56,,,,
60,20,reserve,0,24,3892395,0,11.041666666666666,24.458333333333332,41.375,78.25
60,20,greedy,0,24,3889010,0,10.791666666666666,25.666666666666668,42.541666666666664,77.70833333333333
60,250,reserve,0,24,3893163,0,9.791666666666666,23.208333333333332,40.125,78.33333333333333
60,250,greedy,0,12,7,0,8.125,24.25,,
