policy,sessionMinutes,strategy,occupiedTiles,tiles,seedlessSessions,to8,to12,to18,to24
current,15,reserve,0,24,0,11.041666666666666,24.833333333333332,39.333333333333336,70.58333333333333
current,15,reserve,2,24,0,15.125,30.291666666666668,45.791666666666664,84.5
current,15,greedy,0,24,0,10.791666666666666,25.083333333333332,39.333333333333336,70.58333333333333
current,15,greedy,2,24,0,15.208333333333334,29.541666666666668,45.791666666666664,84.66666666666667
current,30,reserve,0,24,0,11.041666666666666,24.458333333333332,39.333333333333336,78.33333333333333
current,30,reserve,2,24,0,16.458333333333332,30.5,55.416666666666664,91.08333333333333
current,30,greedy,0,24,0,10.791666666666666,25.666666666666668,39.333333333333336,70.58333333333333
current,30,greedy,2,24,0,16.291666666666668,30.458333333333332,55.291666666666664,91.08333333333333
current,60,reserve,0,24,0,11.041666666666666,24.458333333333332,41.375,78.25
current,60,reserve,2,24,0,16.458333333333332,30.791666666666668,55.708333333333336,94.75
current,60,greedy,0,24,0,10.791666666666666,25.666666666666668,42.541666666666664,77.70833333333333
current,60,greedy,2,24,0,16.291666666666668,30.625,55.458333333333336,94.75
moderate,15,reserve,0,24,0,38.125,75.625,163.95833333333334,301.2083333333333
moderate,15,reserve,2,24,0,52.833333333333336,113.33333333333333,208.95833333333334,346.125
moderate,15,greedy,0,24,0,30.416666666666668,83.625,164.25,301.2083333333333
moderate,15,greedy,2,24,0,52.833333333333336,113.375,209.125,361.125
moderate,30,reserve,0,24,0,38.125,76.58333333333333,177.875,318.25
moderate,30,reserve,2,24,0,55.291666666666664,114,210.79166666666666,377.9583333333333
moderate,30,greedy,0,17,0,30.416666666666668,84.5,,
moderate,30,greedy,2,24,0,55.291666666666664,113.91666666666667,224.16666666666666,391.125
moderate,60,reserve,0,24,0,43.458333333333336,76.58333333333333,180.91666666666666,335.1666666666667
moderate,60,reserve,2,24,0,55.791666666666664,114.54166666666667,220.625,394.7916666666667
moderate,60,greedy,0,17,0,35.75,84.5,,
moderate,60,greedy,2,24,0,55.791666666666664,114.125,233.83333333333334,411.5833333333333
long,15,reserve,0,24,0,53.125,128.625,240.91666666666666,511.2083333333333
long,15,reserve,2,24,0,82.54166666666667,180.5,300.6666666666667,601.125
long,15,greedy,0,24,0,52.958333333333336,135.625,255.91666666666666,526.2083333333334
long,15,greedy,2,24,0,82.54166666666667,180.5,315.7916666666667,616.125
long,30,reserve,0,24,0,53.291666666666664,128.625,270.75,541.2083333333334
long,30,reserve,2,24,0,90.16666666666667,180.5,347.125,647.9583333333334
long,30,greedy,0,24,0,53.041666666666664,136.625,270.9166666666667,558.2083333333334
long,30,greedy,2,24,0,90.16666666666667,180.5,360.0833333333333,661.125
long,60,reserve,0,24,0,59.458333333333336,128.625,300.9166666666667,575.2083333333334
long,60,reserve,2,24,0,90.20833333333333,180.5,377.125,677.9583333333334
long,60,greedy,0,24,0,59.125,136.625,300.9166666666667,575.2083333333334
long,60,greedy,2,24,0,90.20833333333333,180.5,377.125,694.7916666666666
