policy,profile,initialCoins,sessionMinutes,actionMs,tiles,coins,minCoins,reserveViolations,to8,day8,to12,day12,to18,day18,to24,day24,cropSales,animalSales,craftedSales,orders,seeds,pens,animals,feed,reset,expansion
current,crops,20,15,2500,24,901411,0,0,10.75,1,23.291666666666668,2,39.291666666666664,3,76.16666666666667,6,1025392,0,0,0,97001,0,0,0,0,27000
current,crops,20,15,5000,24,861823,0,0,15.833333333333334,2,29.666666666666668,2,56.75,4,92.33333333333333,7,981764,0,0,0,92961,0,0,0,0,27000
current,crops,20,30,2500,24,1894271,0,0,10.75,1,24,1,39.291666666666664,2,78.25,3,2119672,0,0,0,198421,0,0,0,0,27000
current,crops,20,30,5000,24,1848087,0,0,16.166666666666668,1,30,1,57.5,2,101.5,4,2068780,0,0,0,193713,0,0,0,0,27000
current,crops,20,60,2500,24,3893019,0,0,10.75,1,24,1,40.833333333333336,1,78.25,2,4322592,0,0,0,402593,0,0,0,0,27000
current,crops,20,60,5000,24,3319279,0,0,16.166666666666668,1,30,1,57.5,1,102.16666666666667,2,3689080,0,0,0,342821,0,0,0,0,27000
current,crops,250,15,2500,24,901867,25,0,9.541666666666666,1,22.958333333333332,2,39.291666666666664,3,76.16666666666667,6,1025640,0,0,0,97023,0,0,0,0,27000
current,crops,250,15,5000,24,862039,25,0,15.833333333333334,2,30,2,56.666666666666664,4,92.33333333333333,7,981752,0,0,0,92963,0,0,0,0,27000
current,crops,250,30,2500,24,1894415,25,0,9.541666666666666,1,22.791666666666668,1,39.25,2,78.25,3,2119576,0,0,0,198411,0,0,0,0,27000
current,crops,250,30,5000,24,1848367,25,0,16.666666666666668,1,30.75,2,58.166666666666664,2,101.33333333333333,4,2068840,0,0,0,193723,0,0,0,0,27000
current,crops,250,60,2500,24,3893163,25,0,9.541666666666666,1,22.791666666666668,1,39.625,1,78.25,2,4322496,0,0,0,402583,0,0,0,0,27000
current,crops,250,60,5000,24,3320059,25,0,16.666666666666668,1,31.166666666666668,1,58.583333333333336,1,101.66666666666667,2,3689692,0,0,0,342883,0,0,0,0,27000
current,orders,20,15,2500,24,915925,0,0,10.375,1,23.708333333333332,2,39.166666666666664,3,59.416666666666664,4,1006876,0,0,35900,97796,0,0,0,2075,27000
current,orders,20,15,5000,24,895053,0,0,13.25,1,24.5,2,42.333333333333336,3,62.083333333333336,5,987360,0,0,32250,95702,0,0,0,1875,27000
current,orders,20,30,2500,24,1913139,0,0,10.375,1,25.916666666666668,1,39.166666666666664,2,61.291666666666664,3,2071384,0,0,72020,199110,0,0,0,4175,27000
current,orders,20,30,5000,24,1887333,0,0,13.25,1,28.666666666666668,1,49.25,2,62.5,3,2053616,0,0,60840,196618,0,0,0,3525,27000
current,orders,20,60,2500,24,3895616,0,0,10.375,1,25.916666666666668,1,44.541666666666664,1,61,2,4198352,0,0,132650,400706,0,0,0,7700,27000
current,orders,20,60,5000,24,3365440,0,0,13.25,1,28.666666666666668,1,49.25,1,78.75,2,3618880,0,0,126850,345935,0,0,0,7375,27000
current,orders,250,15,2500,24,928863,32,0,8.166666666666666,1,15.708333333333334,2,39.083333333333336,3,46.291666666666664,4,1020608,0,0,36185,99080,0,0,0,2100,27000
current,orders,250,15,5000,24,895428,93,0,12.416666666666666,1,24.5,2,42.333333333333336,3,62.083333333333336,5,987520,0,0,32250,95717,0,0,0,1875,27000
current,orders,250,30,2500,24,1914286,32,0,8.166666666666666,1,18.583333333333332,1,39.083333333333336,2,61.333333333333336,3,2072396,0,0,72020,199205,0,0,0,4175,27000
current,orders,250,30,5000,24,1886364,93,0,12.416666666666666,1,27.833333333333332,1,41.666666666666664,2,62.5,3,2052716,0,0,60410,196512,0,0,0,3500,27000
current,orders,250,60,2500,24,3902757,32,0,8.166666666666666,1,18.583333333333332,1,39.583333333333336,1,59.416666666666664,1,4205976,0,0,132650,401419,0,0,0,7700,27000
current,orders,250,60,5000,24,3371813,93,0,12.416666666666666,1,27.833333333333332,1,48.166666666666664,1,77.25,2,3624992,0,0,127280,346309,0,0,0,7400,27000
current,combined-current,20,15,2500,24,950617,0,0,15.75,2,23.708333333333332,2,44.625,3,59.5,4,1002504,59526,0,35900,97358,280,840,19780,2075,27000
current,combined-current,20,15,5000,24,924285,0,0,24.75,2,31.666666666666668,3,47.333333333333336,4,62.5,5,993612,46758,0,24720,95700,280,840,15580,1425,27000
current,combined-current,20,30,2500,24,1985473,0,0,18.083333333333332,1,26.125,1,44.625,2,59.208333333333336,2,2070552,110852,0,72020,199006,280,840,36670,4175,27000
current,combined-current,20,30,5000,24,1871636,0,0,24.25,1,32,2,57.083333333333336,2,77.41666666666667,3,1969496,95490,0,58115,188225,280,840,31765,3375,27000
current,combined-current,20,60,2500,24,4038963,0,0,18.083333333333332,1,26.125,1,47.666666666666664,1,61.625,2,4194300,221516,0,132505,400273,280,840,73285,7700,27000
current,combined-current,20,60,5000,24,3384069,0,0,24.25,1,35.333333333333336,1,53.583333333333336,1,76.75,2,3510308,193098,0,114875,335347,280,840,64090,6675,27000
current,combined-current,250,15,2500,24,950715,12,0,15.75,2,23.875,2,44.625,3,59.5,4,1002456,59392,0,35900,97353,280,840,19735,2075,27000
current,combined-current,250,15,5000,24,921588,12,0,16.166666666666668,2,25,2,43.916666666666664,3,78,6,990004,47280,0,24720,95361,280,840,15760,1425,27000
current,combined-current,250,30,2500,24,1984347,12,0,18.416666666666668,1,26.458333333333332,1,44.666666666666664,2,59.541666666666664,2,2069264,110558,0,72020,198885,280,840,36565,4175,27000
current,combined-current,250,30,5000,24,1867271,12,0,21.666666666666668,1,31.916666666666668,2,57.75,2,77.58333333333333,3,1965120,95478,0,57830,188187,280,840,31750,3350,27000
current,combined-current,250,60,2500,24,4042597,12,0,18.416666666666668,1,26.458333333333332,1,47.833333333333336,1,61.625,2,4197972,221636,0,132505,400616,280,840,73330,7700,27000
current,combined-current,250,60,5000,24,3379720,12,0,21.666666666666668,1,31.5,1,56.416666666666664,1,76.75,2,3505280,193512,0,114590,334932,280,840,64210,6650,27000
current,combined-premium20,20,15,2500,24,954953,0,0,15.75,2,23.708333333333332,2,44.625,3,59.5,4,1002484,37766,26112,35900,97354,280,840,19780,2075,27000
current,combined-premium20,20,15,5000,24,927556,0,0,24.75,2,31.666666666666668,3,47.583333333333336,4,63.083333333333336,5,993060,29290,20832,25150,95676,280,840,15550,1450,27000
current,combined-premium20,20,30,2500,24,1994137,0,0,18.083333333333332,1,26.083333333333332,1,44.625,2,59.208333333333336,2,2071332,71092,47712,72020,199074,280,840,36670,4175,27000
current,combined-premium20,20,30,5000,24,1880073,0,0,24.25,1,31.833333333333332,2,53.75,2,77.08333333333333,3,1971528,60144,42624,57830,188778,280,840,31825,3350,27000
current,combined-premium20,20,60,2500,24,4054757,0,0,18.083333333333332,1,26.083333333333332,1,47.875,1,61.333333333333336,2,4194300,141220,96000,132505,400273,280,840,73195,7700,27000
current,combined-premium20,20,60,5000,24,3398425,0,0,24.25,1,35.333333333333336,1,53.75,1,77,2,3510824,121912,85632,114590,335618,280,840,64165,6650,27000
current,combined-premium20,250,15,2500,24,955405,12,0,15.75,2,23.875,2,44.666666666666664,3,59.375,4,1003076,37510,25920,35900,97411,280,840,19645,2075,27000
current,combined-premium20,250,15,5000,24,931137,12,0,16.166666666666668,2,25,2,47.666666666666664,4,63.166666666666664,5,996604,29734,21120,24720,95971,280,840,15775,1425,27000
current,combined-premium20,250,30,2500,24,1991533,12,0,18.416666666666668,1,26.458333333333332,1,44.791666666666664,2,59.333333333333336,2,2068080,71254,47712,72020,198773,280,840,36715,4175,27000
current,combined-premium20,250,30,5000,24,1875147,12,0,21.666666666666668,1,31.916666666666668,2,56.083333333333336,2,78.58333333333333,3,1966688,59606,42240,57685,188312,280,840,31540,3350,27000
current,combined-premium20,250,60,2500,24,4059175,12,0,18.416666666666668,1,26.458333333333332,1,47.75,1,61.708333333333336,2,4198428,141570,96288,132505,400656,280,840,73390,7700,27000
current,combined-premium20,250,60,5000,24,3330572,12,0,21.666666666666668,1,31.5,1,52.916666666666664,1,76.58333333333333,2,3429072,123478,85632,120035,328200,280,840,64600,6975,27000
current,all-animals,20,15,2500,24,1006841,0,0,23.875,2,31.708333333333332,3,46.083333333333336,4,62.125,5,1003164,185398,0,35755,97385,780,51810,38446,2075,27000
current,all-animals,20,15,5000,24,957074,0,0,28.916666666666668,2,41.916666666666664,3,63.5,5,79.16666666666667,6,979804,152106,0,24080,94350,780,43860,31546,1400,27000
current,all-animals,20,30,2500,24,2075348,0,0,26.458333333333332,1,31.458333333333332,2,45.208333333333336,2,61.416666666666664,3,2061720,334116,0,60840,197342,780,77160,75541,3525,27000
current,all-animals,20,30,5000,24,1484890,0,0,32.75,2,48.833333333333336,2,63.583333333333336,3,87.91666666666667,3,1447780,299668,0,48225,138433,780,77010,64780,2800,27000
current,all-animals,20,60,2500,24,4253150,0,0,26.458333333333332,1,39.875,1,53.708333333333336,1,62,2,4195312,677326,0,120610,399496,780,152610,153232,7000,27000
current,all-animals,20,60,5000,24,3237954,0,0,32.166666666666664,1,46.666666666666664,1,62.333333333333336,2,85.25,2,3158304,577372,0,108140,302006,780,144360,125461,6275,27000
current,all-animals,250,15,2500,24,1007378,13,0,23.875,2,31.791666666666668,3,46.333333333333336,4,62.041666666666664,5,1003592,184902,0,35755,97424,780,51360,38482,2075,27000
current,all-animals,250,15,5000,24,953807,13,0,29.416666666666668,2,47.5,4,63.583333333333336,5,78.83333333333333,6,975768,152730,0,24080,93976,780,44310,31555,1400,27000
current,all-animals,250,30,2500,24,2078867,13,0,24.708333333333332,1,31.708333333333332,2,45.416666666666664,2,61.791666666666664,3,2065832,334256,0,60410,197687,780,77460,75454,3500,27000
current,all-animals,250,30,5000,24,1487328,13,0,32.75,2,47.916666666666664,2,63.916666666666664,3,88.33333333333333,3,1449620,300630,0,48225,138691,780,77010,65116,2800,27000
current,all-animals,250,60,2500,24,4256368,13,0,24.708333333333332,1,35.458333333333336,1,50.875,1,62.125,2,4198356,678030,0,120610,399779,780,153060,153259,7000,27000
current,all-animals,250,60,5000,24,3237203,13,0,32.583333333333336,1,47.416666666666664,1,62.833333333333336,2,87.25,2,3157272,577162,0,108140,301910,780,144210,125446,6275,27000
paced,crops,20,15,2500,18,73596,0,0,112.875,8,255.625,18,750.9166666666666,51,,,594152,0,0,0,56576,0,0,0,0,464000
paced,crops,20,15,5000,18,16680,0,0,120.83333333333333,9,299.25,20,811.8333333333334,55,,,531428,0,0,0,50768,0,0,0,0,464000
paced,crops,20,30,2500,24,192372,0,0,113.04166666666667,4,296.5416666666667,10,797.375,27,1518.1666666666667,51,1519112,0,0,0,142760,0,0,0,0,1184000
paced,crops,20,30,5000,24,160842,0,0,129.08333333333334,5,300.8333333333333,11,829.75,28,1532.4166666666667,52,1484372,0,0,0,139550,0,0,0,0,1184000
paced,crops,20,60,2500,24,2156532,0,0,113.33333333333333,2,313.5833333333333,6,830.2916666666666,14,1552.0833333333333,26,3683912,0,0,0,343400,0,0,0,0,1184000
paced,crops,20,60,5000,24,1780136,0,0,129.08333333333334,3,343,6,859.75,15,1617.9166666666667,27,3268072,0,0,0,303956,0,0,0,0,1184000
paced,crops,250,15,2500,18,74138,206,0,112.95833333333333,8,255.625,18,750.9166666666666,51,,,594496,0,0,0,56608,0,0,0,0,464000
paced,crops,250,15,5000,18,16910,230,0,120.83333333333333,9,299.25,20,811.8333333333334,55,,,531428,0,0,0,50768,0,0,0,0,464000
paced,crops,250,30,2500,24,192914,206,0,113.125,4,296.5416666666667,10,797.375,27,1518.1666666666667,51,1519456,0,0,0,142792,0,0,0,0,1184000
paced,crops,250,30,5000,24,161816,68,0,129.08333333333334,5,300.8333333333333,11,829.75,28,1532.4166666666667,52,1485192,0,0,0,139626,0,0,0,0,1184000
paced,crops,250,60,2500,24,2157074,206,0,113.41666666666667,2,313.5833333333333,6,830.2916666666666,14,1552.0833333333333,26,3684256,0,0,0,343432,0,0,0,0,1184000
paced,crops,250,60,5000,24,1780366,230,0,129.08333333333334,3,343,6,859.75,15,1617.9166666666667,27,3268072,0,0,0,303956,0,0,0,0,1184000
paced,orders,20,15,2500,18,53191,0,0,90.45833333333333,7,255.70833333333334,18,780.9583333333334,53,,,536844,0,0,36185,53758,0,0,0,2100,464000
paced,orders,20,15,5000,18,43876,0,0,103.83333333333333,7,271.25,19,781.9166666666666,53,,,526568,0,0,36185,52797,0,0,0,2100,464000
paced,orders,20,30,2500,24,198226,0,0,103.16666666666667,4,270.7083333333333,10,797.1666666666666,27,1501.3333333333333,51,1456448,0,0,72020,142087,0,0,0,4175,1184000
paced,orders,20,30,5000,24,180402,0,0,117.08333333333333,4,287.9166666666667,10,800.4166666666666,27,1521.5833333333333,51,1442128,0,0,66430,140326,0,0,0,3850,1184000
paced,orders,20,60,2500,24,2170342,0,0,110.5,2,288.75,5,797.75,14,1518.5416666666667,26,3570740,0,0,133940,342583,0,0,0,7775,1184000
paced,orders,20,60,5000,24,1808516,0,0,120.91666666666667,3,301.4166666666667,6,836.0833333333334,14,1599.3333333333333,27,3179584,0,0,125625,305413,0,0,0,7300,1184000
paced,orders,250,15,2500,18,54477,161,0,90.45833333333333,7,255.70833333333334,18,766.0416666666666,52,,,538008,0,0,36185,53866,0,0,0,2100,464000
paced,orders,250,15,5000,18,44106,230,0,103.83333333333333,7,271.25,19,781.9166666666666,53,,,526568,0,0,36185,52797,0,0,0,2100,464000
paced,orders,250,30,2500,24,198456,230,0,103.16666666666667,4,270.7083333333333,10,797.1666666666666,27,1501.3333333333333,51,1456448,0,0,72020,142087,0,0,0,4175,1184000
paced,orders,250,30,5000,24,181376,230,0,117.58333333333333,4,287.5833333333333,10,800.4166666666666,27,1521.5833333333333,51,1442948,0,0,66430,140402,0,0,0,3850,1184000
paced,orders,250,60,2500,24,2170572,161,0,110.5,2,288.75,5,797.75,14,1518.5416666666667,26,3570740,0,0,133940,342583,0,0,0,7775,1184000
paced,orders,250,60,5000,24,1809490,230,0,120.91666666666667,3,301.4166666666667,6,833.4166666666666,14,1598.3333333333333,27,3180404,0,0,125625,305489,0,0,0,7300,1184000
paced,combined-current,20,15,2500,18,97872,0,0,90.875,7,255.95833333333334,18,736.2916666666666,50,,,543212,60290,0,35900,54320,280,840,20035,2075,464000
paced,combined-current,20,15,5000,18,68102,0,0,106.58333333333333,8,271.9166666666667,19,767.75,52,,,525664,48480,0,29020,52182,280,840,16105,1675,464000
paced,combined-current,20,30,2500,24,306588,0,0,90.875,4,256.9166666666667,9,737.3333333333334,25,1427.75,48,1494048,113084,0,71590,145524,280,840,37360,4150,1184000
paced,combined-current,20,30,5000,24,240304,0,0,108.91666666666667,4,272.0833333333333,10,771,26,1473.4166666666667,50,1445120,98010,0,58260,140006,280,840,32605,3375,1184000
paced,combined-current,20,60,2500,24,2365110,0,0,92.625,2,257.0416666666667,5,738.3333333333334,13,1433.0416666666667,24,3622384,223782,0,133080,347306,280,840,74005,7725,1184000
paced,combined-current,20,60,5000,24,1830572,0,0,107.91666666666667,2,278.3333333333333,5,782.3333333333334,14,1580.25,27,3070692,196026,0,115450,294701,280,840,65095,6700,1184000
paced,combined-current,250,15,2500,18,98080,0,0,90.875,7,255.95833333333334,18,736.2916666666666,50,,,543116,60384,0,35900,54310,280,840,20065,2075,464000
paced,combined-current,250,15,5000,18,73381,20,0,91.75,7,256.6666666666667,18,752.75,51,,,530800,49094,0,29020,52658,280,840,16330,1675,464000
paced,combined-current,250,30,2500,24,306910,0,0,90.875,4,257.0416666666667,9,737.3333333333334,25,1427.75,48,1493952,113352,0,71590,145514,280,840,37450,4150,1184000
paced,combined-current,250,30,5000,24,241943,20,0,107.66666666666667,4,272.0833333333333,10,769.25,26,1473.4166666666667,50,1448504,96092,0,57830,140288,280,840,31975,3350,1184000
paced,combined-current,250,60,2500,24,2360293,0,0,92.54166666666667,2,257.0416666666667,5,754.9583333333334,13,1433.7083333333333,24,3617568,222788,0,133080,346858,280,840,73690,7725,1184000
paced,combined-current,250,60,5000,24,1825435,20,0,110.08333333333333,2,278.3333333333333,5,782.25,14,1583.75,27,3065868,195386,0,115020,294394,280,840,64900,6675,1184000
paced,combined-premium20,20,15,2500,18,110820,0,0,86,6,241.04166666666666,17,721.375,49,,,553232,37792,26112,35900,55246,280,840,19795,2075,464000
paced,combined-premium20,20,15,5000,18,78607,0,0,91.66666666666667,7,256.6666666666667,18,752.75,51,,,533044,30920,21504,29020,52866,280,840,16240,1675,464000
paced,combined-premium20,20,30,2500,24,321957,0,0,90.875,4,257.0416666666667,9,737.4583333333334,25,1411.6666666666667,48,1502248,73190,47808,71590,146284,280,840,37345,4150,1184000
paced,combined-premium20,20,30,5000,24,258239,0,0,108.75,4,272.0833333333333,10,768.9166666666666,26,1461.5833333333333,49,1456996,61260,43488,58115,140705,280,840,32440,3375,1184000
paced,combined-premium20,20,60,2500,24,2381501,0,0,92.625,2,257.0416666666667,5,737.4583333333334,13,1433.0416666666667,24,3624024,143306,94944,133080,347458,280,840,73570,7725,1184000
paced,combined-premium20,20,60,5000,24,1840586,0,0,108.33333333333333,2,278.3333333333333,5,779.4166666666666,13,1580.25,27,3066048,123280,87360,115020,294237,280,840,65110,6675,1184000
paced,combined-premium20,250,15,2500,18,111405,0,0,84.25,6,241.04166666666666,17,721.375,49,,,553136,38236,26304,35900,55236,280,840,19990,2075,464000
paced,combined-premium20,250,15,5000,18,71172,20,0,106.75,8,272,19,752.75,51,,,524240,31120,21792,29020,52050,280,840,16405,1675,464000
paced,combined-premium20,250,30,2500,24,322414,0,0,90.875,4,257.0833333333333,9,737.4583333333334,25,1411.6666666666667,48,1502152,73032,48384,71590,146274,280,840,37450,4150,1184000
paced,combined-premium20,250,30,5000,24,260196,20,0,107.58333333333333,4,272.0833333333333,10,752.75,26,1461.5833333333333,49,1459140,61570,43392,57685,140871,280,840,32500,3350,1184000
paced,combined-premium20,250,60,2500,24,2386452,0,0,92.125,2,257,5,738.1666666666666,13,1430.9166666666667,24,3628604,142554,96576,132935,347857,280,840,73765,7725,1184000
paced,combined-premium20,250,60,5000,24,1801624,20,0,110.08333333333333,2,278.3333333333333,5,779.4166666666666,13,1581.1666666666667,27,3020596,123524,86976,117455,290137,280,840,65095,6825,1184000
paced,all-animals,20,15,2500,19,66950,0,0,81.70833333333333,6,222.45833333333334,15,646.9166666666666,44,,,574532,193750,0,35900,57294,780,51810,41293,2075,584000
paced,all-animals,20,15,5000,19,11678,0,0,92.91666666666667,7,243.25,17,708.75,48,,,543008,168468,0,24080,53483,780,50610,33625,1400,584000
paced,all-animals,20,30,2500,24,460904,0,0,88.625,3,227.83333333333334,8,661.9583333333334,23,1322.25,45,1551432,334974,0,66430,150444,780,77160,75718,3850,1184000
paced,all-animals,20,30,5000,24,182719,0,0,108.66666666666667,4,261.1666666666667,9,723.5833333333334,25,1495.5,50,1287712,299386,0,48655,123785,780,77010,64654,2825,1184000
paced,all-animals,20,60,2500,24,2623303,0,0,92.79166666666667,2,231.04166666666666,4,678.5833333333334,12,1322.125,23,3670984,677302,0,124050,351144,780,152760,153169,7200,1184000
paced,all-animals,20,60,5000,24,1760120,0,0,110.33333333333333,2,261,5,783.1666666666666,14,1582.6666666666667,27,2800388,587374,0,106420,268698,780,146910,127519,6175,1184000
paced,all-animals,250,15,2500,19,68304,13,0,76.41666666666667,6,220.125,15,646.9166666666666,44,,,574760,195096,0,35900,57315,780,51810,41722,2075,584000
paced,all-animals,250,15,5000,19,10645,13,0,92.91666666666667,7,243.25,17,708.75,48,,,541976,168114,0,24080,53387,780,50760,33448,1400,584000
paced,all-animals,250,30,2500,24,461055,13,0,87.79166666666667,3,227.83333333333334,8,661.9583333333334,23,1322.25,45,1550832,335882,0,66430,150387,780,77460,75862,3850,1184000
paced,all-animals,250,30,5000,24,172828,13,0,108.16666666666667,4,259.1666666666667,9,723.8333333333334,25,1497.9166666666667,50,1275644,300844,0,48225,122471,780,77010,65074,2800,1184000
paced,all-animals,250,60,2500,24,2624410,13,0,92.875,2,230.04166666666666,4,678.6666666666666,12,1322.125,23,3671624,677964,0,124050,351203,780,153060,153235,7200,1184000
paced,all-animals,250,60,5000,24,1769403,13,0,101.66666666666667,2,258.8333333333333,5,779.0833333333334,13,1564.5,27,2810436,586468,0,106420,269630,780,146010,127576,6175,1184000
long,crops,20,15,2500,13,98746,0,0,208.04166666666666,14,480.625,33,,,,,471560,0,0,0,44834,0,0,0,0,328000
long,crops,20,15,5000,13,58524,0,0,225.83333333333334,16,541.25,37,,,,,427236,0,0,0,40732,0,0,0,0,328000
long,crops,20,30,2500,18,104294,0,0,210.41666666666666,8,540.625,19,1560.9166666666667,53,,,1139384,0,0,0,107110,0,0,0,0,928000
long,crops,20,30,5000,18,85700,0,0,232,8,558.1666666666666,19,1579.75,53,,,1118896,0,0,0,105216,0,0,0,0,928000
long,crops,20,60,2500,24,384278,0,0,225.83333333333334,4,588.5,10,1610.2916666666667,27,3035.125,51,3035568,0,0,0,283310,0,0,0,0,2368000
long,crops,20,60,5000,24,242932,0,0,240.83333333333334,5,601.25,11,1621.8333333333333,28,3121.3333333333335,53,2878616,0,0,0,267704,0,0,0,0,2368000
long,crops,250,15,2500,13,98976,230,0,208.04166666666666,14,480.625,33,,,,,471560,0,0,0,44834,0,0,0,0,328000
long,crops,250,15,5000,13,58754,230,0,225.83333333333334,16,541.25,37,,,,,427236,0,0,0,40732,0,0,0,0,328000
long,crops,250,30,2500,18,104524,230,0,210.41666666666666,8,540.625,19,1560.9166666666667,53,,,1139384,0,0,0,107110,0,0,0,0,928000
long,crops,250,30,5000,18,85930,230,0,232,8,558.1666666666666,19,1579.75,53,,,1118896,0,0,0,105216,0,0,0,0,928000
long,crops,250,60,2500,24,384820,166,0,225.875,4,588.5,10,1610.2916666666667,27,3035.125,51,3035912,0,0,0,283342,0,0,0,0,2368000
long,crops,250,60,5000,24,243162,230,0,240.83333333333334,5,601.25,11,1621.8333333333333,28,3121.3333333333335,53,2878616,0,0,0,267704,0,0,0,0,2368000
long,orders,20,15,2500,13,71363,0,0,165.54166666666666,12,525.7083333333334,36,,,,,406556,0,0,36185,41298,0,0,0,2100,328000
long,orders,20,15,5000,13,64332,0,0,180.91666666666666,13,526.4166666666666,36,,,,,398796,0,0,36185,40569,0,0,0,2100,328000
long,orders,20,30,2500,18,101584,0,0,195.45833333333334,7,540.7083333333334,19,1561.0416666666667,53,,,1067280,0,0,72020,105561,0,0,0,4175,928000
long,orders,20,30,5000,18,81672,0,0,211,8,558.9166666666666,19,1580.4166666666667,53,,,1046560,0,0,70730,103538,0,0,0,4100,928000
long,orders,20,60,2500,24,402133,0,0,205.66666666666666,4,556.75,10,1577.1666666666667,27,3017.4583333333335,51,2925632,0,0,135230,282899,0,0,0,7850,2368000
long,orders,20,60,5000,24,223453,0,0,214.33333333333334,4,575.75,10,1616,27,3141.5833333333335,53,2737640,0,0,124480,263462,0,0,0,7225,2368000
long,orders,250,15,2500,13,73643,230,0,165.54166666666666,12,510.625,35,,,,,408816,0,0,36185,41508,0,0,0,2100,328000
long,orders,250,15,5000,13,65868,230,0,180.91666666666666,13,526.4166666666666,36,,,,,400236,0,0,36185,40703,0,0,0,2100,328000
long,orders,250,30,2500,18,102558,166,0,180.54166666666666,7,540.7083333333334,19,1561.0416666666667,53,,,1068100,0,0,72020,105637,0,0,0,4175,928000
long,orders,250,30,5000,18,84965,99,0,211,8,557.5833333333334,19,1580.4166666666667,53,,,1050348,0,0,70300,103858,0,0,0,4075,928000
long,orders,250,60,2500,24,402363,230,0,196.16666666666666,4,556.75,10,1577.1666666666667,27,3017.4583333333335,51,2925632,0,0,135230,282899,0,0,0,7850,2368000
long,orders,250,60,5000,24,224245,99,0,214.33333333333334,4,575.75,10,1616,27,3141.5833333333335,53,2738260,0,0,124480,263520,0,0,0,7225,2368000
long,combined-current,20,15,2500,13,113658,0,0,165.79166666666666,12,481.0416666666667,33,,,,,410972,59378,0,35900,41682,280,840,19735,2075,328000
long,combined-current,20,15,5000,13,89717,0,0,181.41666666666666,13,512,35,,,,,397488,49902,0,29670,39948,280,840,16570,1725,328000
long,combined-current,20,30,2500,18,208722,0,0,176.125,6,496.9583333333333,17,1457.4583333333333,49,,,1101780,114794,0,72020,108742,280,840,37855,4175,928000
long,combined-current,20,30,5000,18,159632,0,0,197.83333333333334,7,528.0833333333334,18,1502.5833333333333,51,,,1073924,98214,0,57685,105091,280,840,32650,3350,928000
long,combined-current,20,60,2500,24,641343,0,0,176.75,3,496.875,9,1457.4583333333333,25,2838.9583333333335,48,3025116,226362,0,133510,291980,280,840,74815,7750,2368000
long,combined-current,20,60,5000,24,239078,0,0,192.58333333333334,4,517.9166666666666,9,1538.6666666666667,26,3123.0833333333335,53,2620028,197472,0,116100,253062,280,840,65635,6725,2368000
long,combined-current,250,15,2500,13,115030,0,0,165.79166666666666,12,481.0416666666667,33,,,,,411696,60102,0,35900,41748,280,840,19975,2075,328000
long,combined-current,250,15,5000,13,88182,20,0,181.41666666666666,13,512,35,,,,,395444,50036,0,29670,39758,280,840,16615,1725,328000
long,combined-current,250,30,2500,18,208702,0,0,176.125,6,496.9583333333333,17,1457.4583333333333,49,,,1101684,114540,0,72020,108732,280,840,37765,4175,928000
long,combined-current,250,30,5000,18,164277,20,0,181.75,7,512.0833333333334,18,1502.6666666666667,51,,,1077784,99662,0,57620,105439,280,840,33130,3350,928000
long,combined-current,250,60,2500,24,641309,0,0,177.79166666666666,3,496.875,9,1457.4583333333333,25,2838.9583333333335,48,3025020,226094,0,133510,291970,280,840,74725,7750,2368000
long,combined-current,250,60,5000,24,243946,20,0,197.58333333333334,4,530.0833333333334,9,1536.9166666666667,26,3123.0833333333335,53,2625332,197204,0,116100,253550,280,840,65545,6725,2368000
long,combined-premium20,20,15,2500,13,119778,0,0,165.79166666666666,12,481.0416666666667,33,,,,,412192,38290,26400,35900,41794,280,840,20035,2075,328000
long,combined-premium20,20,15,5000,13,95910,0,0,181.66666666666666,13,497,34,,,,,400716,31528,21408,29670,40252,280,840,16360,1700,328000
long,combined-premium20,20,30,2500,18,221946,0,0,166.54166666666666,6,481.0416666666667,17,1441.375,49,,,1107520,74714,48096,72020,109274,280,840,37855,4175,928000
long,combined-premium20,20,30,5000,18,173041,0,0,181.58333333333334,7,511.9166666666667,18,1491.0833333333333,50,,,1079688,62648,43968,57830,105648,280,840,32995,3350,928000
long,combined-premium20,20,60,2500,24,663461,0,0,173.5,3,480.875,9,1441.2916666666667,25,2821.6666666666665,48,3033404,144808,95136,133795,292757,280,840,74050,7775,2368000
long,combined-premium20,20,60,5000,24,246440,0,0,197.91666666666666,4,518.25,9,1521.6666666666667,26,3119.8333333333335,52,2612304,124152,88416,115450,252312,280,840,65770,6700,2368000
long,combined-premium20,250,15,2500,14,3250,0,0,162.66666666666666,11,465.9583333333333,32,,,,,415776,38384,26400,35900,42200,280,840,20065,2075,448000
long,combined-premium20,250,15,5000,13,93871,20,0,181.41666666666666,13,496.5833333333333,34,,,,,397940,31970,21888,29240,39962,280,840,16660,1675,328000
long,combined-premium20,250,30,2500,18,222234,0,0,166.54166666666666,6,481.0416666666667,17,1441.375,49,,,1107424,74408,48576,72020,109264,280,840,37885,4175,928000
long,combined-premium20,250,30,5000,18,179010,20,0,181.75,7,512.0833333333334,18,1489.1666666666667,50,,,1086020,62646,44160,57685,106211,280,840,33070,3350,928000
long,combined-premium20,250,60,2500,24,667312,0,0,168.41666666666666,3,480.875,9,1441.375,25,2813.1666666666665,47,3036280,144436,97248,133510,293012,280,840,74530,7750,2368000
long,combined-premium20,250,60,5000,24,263232,20,0,192.91666666666666,4,516.4166666666666,9,1518.4166666666667,26,3103.8333333333335,52,2629408,125000,88704,115735,253905,280,840,66115,6725,2368000
long,all-animals,20,15,2500,14,72748,0,0,151.5,11,421.4583333333333,29,,,,,428772,196138,0,35900,43404,780,51810,42013,2075,448000
long,all-animals,20,15,5000,14,30172,0,0,167.91666666666666,12,453.25,31,,,,,412008,170664,0,24080,40961,780,51660,33799,1400,448000
long,all-animals,20,30,2500,19,127922,0,0,151.45833333333334,6,437.8333333333333,15,1309.0833333333333,44,,,1160220,336522,0,71590,114202,780,77160,76138,4150,1168000
long,all-animals,20,30,5000,19,20430,0,0,172.25,6,472.25,16,1383.4166666666667,47,,,1088852,302770,0,48655,105581,780,77010,65671,2825,1168000
long,all-animals,20,60,2500,24,954441,0,0,152.79166666666666,3,437.875,8,1321.9166666666667,23,2617.4583333333335,44,3134160,676066,0,127490,301642,780,152760,152713,7400,2368000
long,all-animals,20,60,5000,24,257837,0,0,175.91666666666666,3,483.0833333333333,9,1503.5,26,3105.1666666666665,52,2446012,594592,0,105130,235758,780,148110,129169,6100,2368000
long,all-animals,250,15,2500,14,75947,13,0,146.875,10,421.4583333333333,29,,,,,432280,195828,0,35900,43729,780,51810,41917,2075,448000
long,all-animals,250,15,5000,14,30324,13,0,167.91666666666666,12,453.25,31,,,,,410976,172032,0,24080,40865,780,51810,34159,1400,448000
long,all-animals,250,30,2500,19,127872,13,0,151.41666666666666,6,437.8333333333333,15,1309.0833333333333,44,,,1159620,337160,0,71590,114145,780,77460,76213,4150,1168000
long,all-animals,250,30,5000,19,20960,13,0,170.25,6,469.6666666666667,16,1383.4166666666667,47,,,1089196,302728,0,48655,105613,780,77010,65641,2825,1168000
long,all-animals,250,60,2500,24,955568,13,0,152.45833333333334,3,437.5833333333333,8,1322,23,2616.7083333333335,44,3135396,676812,0,126850,301693,780,153060,152857,7350,2368000
long,all-animals,250,60,5000,24,274517,13,0,173.5,3,482.8333333333333,9,1503.8333333333333,26,3088.1666666666665,52,2465340,595456,0,102980,237316,780,147810,129628,5975,2368000
