mode,sessionMinutes,initialCoins,rewards,coins,tiles,to8,to12,attendance,legacy,main,daily
crops,15,20,false,13428,10,98,,0,0,0,0
crops,15,20,true,19778,11,83.20833333333333,,2440,95,390,1470
crops,15,250,false,17449,10,98,,0,0,0,0
crops,15,250,true,19696,11,83.20833333333333,,2440,95,390,1470
crops,30,20,false,32326,13,98.04166666666667,270.625,0,0,0,0
crops,30,20,true,41112,13,90.5,253.75,2440,95,390,1470
crops,30,250,false,32959,13,98.04166666666667,266.5416666666667,0,0,0,0
crops,30,250,true,41342,13,90.5,253.75,2440,95,390,1470
crops,60,20,false,27314,18,98.41666666666667,292.375,0,0,0,0
crops,60,20,true,38020,18,90.79166666666667,279.5,2440,95,390,1470
crops,60,250,false,24227,18,98.5,292.375,0,0,0,0
crops,60,250,true,36450,18,90.95833333333333,279.5,2440,95,390,1470
orders,15,20,false,17626,10,86.16666666666667,,0,0,0,0
orders,15,20,true,6228,11,73.25,,2440,95,510,1470
orders,15,250,false,18418,10,75.54166666666667,,0,0,0,0
orders,15,250,true,6458,11,73.25,,2440,95,510,1470
orders,30,20,false,34526,13,85.70833333333333,256.75,0,0,0,0
orders,30,20,true,48068,13,73.375,240.79166666666666,2440,95,510,1470
orders,30,250,false,34756,13,85.70833333333333,256.75,0,0,0,0
orders,30,250,true,48298,13,73.375,240.79166666666666,2440,95,510,1470
orders,60,20,false,42088,18,85.70833333333333,272.7916666666667,0,0,0,0
orders,60,20,true,50908,18,85.83333333333333,272.875,2440,95,510,1470
orders,60,250,false,43806,18,85.70833333333333,272.75,0,0,0,0
orders,60,250,true,52938,18,85.83333333333333,256.9583333333333,2440,95,510,1470
combined,15,20,false,4319,11,75.79166666666667,,0,0,0,0
combined,15,20,true,17176,11,61,,2440,145,1940,1470
combined,15,250,false,5271,11,75.79166666666667,,0,0,0,0
combined,15,250,true,17460,11,61,,2440,145,1940,1470
combined,30,20,false,55292,13,84.25,241.04166666666666,0,0,0,0
combined,30,20,true,10361,14,60.833333333333336,227.16666666666666,2440,145,2140,1470
combined,30,250,false,55164,13,81.70833333333333,241.04166666666666,0,0,0,0
combined,30,250,true,10853,14,60.833333333333336,227.16666666666666,2440,145,2140,1470
combined,60,20,false,104016,18,86.83333333333333,241,0,0,0,0
combined,60,20,true,112500,18,76.58333333333333,241.16666666666666,2440,145,2140,1470
combined,60,250,false,105623,18,76.54166666666667,241,0,0,0,0
combined,60,250,true,112705,18,76.58333333333333,241.08333333333334,2440,145,2140,1470
