profile,initialCoins,sessionMinutes,actionMs,tiles,coins,inventoryValue,cropSales,animalSales,craftedSales,orders,seeds,pens,animals,feed,reset,expansion,to8,to12,to18,to24
crops,20,15,2500,10,13428,0,83840,0,0,0,8432,0,0,0,0,62000,98,,,
crops,20,15,5000,10,1080,0,69900,0,0,0,6840,0,0,0,0,62000,105.83333333333333,,,
crops,20,30,2500,13,32326,0,215400,0,0,0,21094,0,0,0,0,162000,98.04166666666667,270.625,,
crops,20,30,5000,13,12678,0,193752,0,0,0,19094,0,0,0,0,162000,115.58333333333333,298.6666666666667,,
crops,20,60,2500,18,27314,0,540940,0,0,0,51646,0,0,0,0,462000,98.41666666666667,292.375,797.375,
crops,20,60,5000,17,57342,0,507832,0,0,0,48510,0,0,0,0,402000,118.16666666666667,315.1666666666667,,
crops,250,15,2500,10,17449,0,88024,0,0,0,8825,0,0,0,0,62000,98,,,
crops,250,15,5000,10,1432,0,69972,0,0,0,6790,0,0,0,0,62000,105.83333333333333,,,
crops,250,30,2500,13,32959,0,215844,0,0,0,21135,0,0,0,0,162000,98.04166666666667,266.5416666666667,,
crops,250,30,5000,13,14464,0,195468,0,0,0,19254,0,0,0,0,162000,107.33333333333333,284.75,,
crops,250,60,2500,18,24227,0,537284,0,0,0,51307,0,0,0,0,462000,98.5,292.375,813.8333333333334,
crops,250,60,5000,18,3286,0,514208,0,0,0,49172,0,0,0,0,462000,109.91666666666667,315.1666666666667,835.5833333333334,
orders,20,15,2500,10,17626,0,79840,0,0,9095,8804,0,0,0,525,62000,86.16666666666667,,,
orders,20,15,5000,10,11963,0,73588,0,0,9095,8215,0,0,0,525,62000,89.08333333333333,,,
orders,20,30,2500,13,34526,24,200564,0,0,17840,20873,0,0,0,1025,162000,85.70833333333333,256.75,,
orders,20,30,5000,13,24956,0,190172,0,0,17630,19866,0,0,0,1000,162000,91.08333333333333,271.4166666666667,,
orders,20,60,2500,18,42088,0,523888,0,0,34610,52430,0,0,0,2000,462000,85.70833333333333,272.7916666666667,781.0416666666666,
orders,20,60,5000,18,28560,0,511444,0,0,32030,51084,0,0,0,1850,462000,100.5,292.6666666666667,799.9166666666666,
orders,250,15,2500,10,18418,0,80460,0,0,9095,8862,0,0,0,525,62000,75.54166666666667,,,
orders,250,15,5000,10,12505,0,73932,0,0,9095,8247,0,0,0,525,62000,89.08333333333333,,,
orders,250,30,2500,13,34756,24,200564,0,0,17840,20873,0,0,0,1025,162000,85.70833333333333,256.75,,
orders,250,30,5000,13,26424,0,191536,0,0,17630,19992,0,0,0,1000,162000,91.08333333333333,271.4166666666667,,
orders,250,60,2500,18,43806,0,525528,0,0,34610,52582,0,0,0,2000,462000,85.70833333333333,272.75,781.0416666666666,
orders,250,60,5000,18,32104,0,515248,0,0,31885,51429,0,0,0,1850,462000,100.25,287.9166666666667,800.25,
combined-current,20,15,2500,11,4319,24,76880,9478,6240,8810,8574,280,840,4915,500,82000,75.79166666666667,,,
combined-current,20,15,5000,10,12635,24,66604,7906,5280,7950,7480,280,840,4075,450,62000,91.66666666666667,,,
combined-current,20,30,2500,13,55292,24,201412,19082,11520,17840,20932,280,840,9505,1025,162000,84.25,241.04166666666666,,
combined-current,20,30,5000,13,40589,54,190864,15760,10752,15115,19727,280,840,8200,875,162000,91.66666666666667,260.25,,
combined-current,20,60,2500,18,104016,0,548292,37720,22848,33605,54609,280,840,18790,1950,462000,86.83333333333333,241,721.2916666666666,
combined-current,20,60,5000,18,53115,940,501416,31470,21792,29020,49328,280,840,16480,1675,462000,106.08333333333333,276.0833333333333,779.6666666666666,
combined-current,250,15,2500,11,5271,24,77604,9572,6240,8810,8640,280,840,4945,500,82000,75.79166666666667,,,
combined-current,250,15,5000,10,16902,24,71408,7986,5280,7520,7892,280,840,4105,425,62000,87.25,,,
combined-current,250,30,2500,13,55164,24,201316,18372,11808,17840,20922,280,840,9355,1025,162000,81.70833333333333,241.04166666666666,,
combined-current,250,30,5000,13,42481,96,193008,15908,10560,14830,19905,280,840,8200,850,162000,91.33333333333333,258.25,,
combined-current,250,60,2500,18,105623,0,549816,36358,24096,33605,54747,280,840,18685,1950,462000,76.54166666666667,241,721.2916666666666,
combined-current,250,60,5000,18,55705,0,504068,31536,21984,29240,49953,280,840,16600,1700,462000,92.41666666666667,259.3333333333333,777.75,
combined-premium20,20,15,2500,11,4319,24,76880,9478,6240,8810,8574,280,840,4915,500,82000,75.79166666666667,,,
combined-premium20,20,15,5000,10,12635,24,66604,7906,5280,7950,7480,280,840,4075,450,62000,91.66666666666667,,,
combined-premium20,20,30,2500,13,55292,24,201412,19082,11520,17840,20932,280,840,9505,1025,162000,84.25,241.04166666666666,,
combined-premium20,20,30,5000,13,40589,54,190864,15760,10752,15115,19727,280,840,8200,875,162000,91.66666666666667,260.25,,
combined-premium20,20,60,2500,18,104016,0,548292,37720,22848,33605,54609,280,840,18790,1950,462000,86.83333333333333,241,721.2916666666666,
combined-premium20,20,60,5000,18,53115,940,501416,31470,21792,29020,49328,280,840,16480,1675,462000,106.08333333333333,276.0833333333333,779.6666666666666,
combined-premium20,250,15,2500,11,5271,24,77604,9572,6240,8810,8640,280,840,4945,500,82000,75.79166666666667,,,
combined-premium20,250,15,5000,10,16902,24,71408,7986,5280,7520,7892,280,840,4105,425,62000,87.25,,,
combined-premium20,250,30,2500,13,55164,24,201316,18372,11808,17840,20922,280,840,9355,1025,162000,81.70833333333333,241.04166666666666,,
combined-premium20,250,30,5000,13,42481,96,193008,15908,10560,14830,19905,280,840,8200,850,162000,91.33333333333333,258.25,,
combined-premium20,250,60,2500,18,105623,0,549816,36358,24096,33605,54747,280,840,18685,1950,462000,76.54166666666667,241,721.2916666666666,
combined-premium20,250,60,5000,18,55705,0,504068,31536,21984,29240,49953,280,840,16600,1700,462000,92.41666666666667,259.3333333333333,777.75,
all-animals,20,15,2500,11,16117,24,75076,42052,6048,8810,8404,780,14010,10195,500,82000,76.41666666666667,,,
all-animals,20,15,5000,10,20646,0,65372,36908,4800,6020,7203,780,13860,8281,350,62000,92.91666666666667,,,
all-animals,20,30,2500,14,27264,60,210000,73026,11232,17840,21802,780,20460,18787,1025,222000,77.16666666666667,211.54166666666666,,
all-animals,20,30,5000,14,2141,0,193844,65454,9984,12680,19897,780,20310,16129,725,222000,92,243,,
all-animals,20,60,2500,19,53516,136,567916,148188,22944,32890,56442,780,39360,37960,1900,582000,77.20833333333333,227.5,661.8333333333334,
all-animals,20,60,5000,18,64906,0,467552,133486,20160,26295,46505,780,39060,32737,1525,462000,97.33333333333333,258.3333333333333,762.4166666666666,
all-animals,250,15,2500,11,17505,24,76104,42170,6240,8810,8497,780,14010,10282,500,82000,76.41666666666667,,,
all-animals,250,15,5000,11,1092,72,66192,36588,4608,6020,7355,780,14010,8071,350,82000,92.91666666666667,,,
all-animals,250,30,2500,14,27830,60,210020,73736,11232,17840,21803,780,20760,18880,1025,222000,77.16666666666667,211.54166666666666,,
all-animals,250,30,5000,13,61068,0,192336,65356,10080,12680,19681,780,20310,16138,725,162000,92.58333333333333,243.16666666666666,,
all-animals,250,60,2500,19,55262,0,569960,148856,22368,32680,56618,780,39660,37894,1900,582000,77.08333333333333,224.79166666666666,661.8333333333334,
all-animals,250,60,5000,18,71681,0,474720,133108,20448,26295,47005,780,39210,32620,1525,462000,96.75,255.66666666666666,758.5,
